<?xml version="1.0" encoding="utf-8" ?>
<manifest xmlns="http://www.imsglobal.org/xsd/imscp_v1p1"
          xmlns:xsi="http://www.w3.org/2001/XMLSchema-instance"
          xmlns:adlcp="http://www.adlnet.org/xsd/adlcp_rootv1p2"
          xmlns:cwsp="http://www.dspace.org/xmlns/cwspace_imscp"
          xmlns:ocw="https://ocw.mit.edu/xmlns/ocw_imscp"
          xmlns:lom="https://ocw.mit.edu/xmlns/LOM"
          identifier="urn_edu.mit.ocw_1-124j-foundations-of-software-engineering-fall-2000"
          version="2016-10-15T3:55:27"
          cwsp:packageType="Course"
          xml:base="1-124j-fall-2000/"
          xsi:schemaLocation="http://www.imsglobal.org/xsd/imscp_v1p1 http://www.imsglobal.org/xsd/imscp_v1p1.xsd  http://www.adlnet.org/xsd/adlcp_rootv1p2 http://www.adlnet.org/xsd/adlcp_rootv1p2.xsd http://www.dspace.org/xmlns/cwspace_imscp http://www.dspace.org/xsd/cwspace_imscp/version10/cwspace_imscpv10.xsd https://ocw.mit.edu/xmlns/ocw_imscp https://ocw.mit.edu/xsd/ocw_imscp/version10/ocw_imscpv10.xsd https://ocw.mit.edu/xmlns/LOM https://ocw.mit.edu/xsd/LOM/lomv1.0/lomv1.0.xsd">
   	<metadata>
   		<schema>IMS Content</schema>
        <schemaversion>1.1</schemaversion>
        <cwsp:packageMetadata>
            <cwsp:sourceSystem>OCW</cwsp:sourceSystem>
            <cwsp:profile>CWSpace</cwsp:profile>
            <cwsp:profileVersion>0.1</cwsp:profileVersion>
        </cwsp:packageMetadata>
        <lom:general uniqueElementName="general">
            <lom:title uniqueElementName="title">
				<lom:string language="en">Foundations of Software Engineering</lom:string>
			</lom:title>
			<lom:identifier>
				<lom:catalog uniqueElementName="catalog">OCW Master Course Number</lom:catalog>
		      	<lom:entry uniqueElementName="entry">1.124J</lom:entry>
			</lom:identifier>
			<lom:identifier>
				<lom:catalog uniqueElementName="catalog">OCW Linked Course Number</lom:catalog>
		      	<lom:entry uniqueElementName="entry">2.159J</lom:entry>
			</lom:identifier>
        </lom:general>
        <lom:lifecycle uniqueElementName="lifeCycle">
            <lom:version uniqueElementName="version">
				<lom:string language="en">Fall 2000</lom:string>
			</lom:version>
            <lom:contribute>
	            <lom:role>
	                <lom:source uniqueElementName="source">OCW_LOMv1.0</lom:source>
	                <lom:value uniqueElementName="value">Author</lom:value>
	            </lom:role>
	            <lom:entity>Amaratunga, Kevin</lom:entity>
	            <lom:date uniqueElementName="date">
	                <lom:dateTime uniqueElementName="dateTime">2016-10-15</lom:dateTime>
	            </lom:date>
        	</lom:contribute>
        </lom:lifecycle>
        <lom:taxonPath>
            <lom:source uniqueElementName="source">
                <lom:string language="en">OCW Course Topics</lom:string>
            </lom:source>
            <lom:taxon>
                <lom:entry uniqueElementName="entry">
                    <lom:string language="en">Engineering</lom:string>
                </lom:entry>
            </lom:taxon>
            <lom:taxon>
                <lom:entry uniqueElementName="entry">
                    <lom:string language="en">Computer Science</lom:string>
                </lom:entry>
            </lom:taxon>
            <lom:taxon>
                <lom:entry uniqueElementName="entry">
                    <lom:string language="en">Software Design and Engineering</lom:string>
                </lom:entry>
            </lom:taxon>
        </lom:taxonPath>        
        <adlcp:location>contents/index.htm.xml</adlcp:location>
    </metadata>
    <organizations default="ocw_1-124j-foundations-of-software-engineering-fall-2000">
        <organization identifier="ocw_1-124j-foundations-of-software-engineering-fall-2000">
            <title>Foundations of Software Engineering</title>
            <item identifier="i_1-124j-foundations-of-software-engineering-fall-2000.CourseHome"
                  identifierref="r_contents.index.htm"
                  ocw:sectionTemplateType="CourseHomePage"
                  ocw:sectionTemplateVersion="2016-10-15">
				<title>Foundations of Software Engineering</title>
				<item identifier="i_1-124j-foundations-of-software-engineering-fall-2000.1-124jf00.jpg"
          identifierref="r_contents.1-124jf00.jpg">
				<title>1-124jf00.jpg</title>
				</item>
				<item identifier="i_1-124j-foundations-of-software-engineering-fall-2000.1-124jf00_th.jpg"
          identifierref="r_contents.1-124jf00_th.jpg">
				<title>1-124jf00_th.jpg</title>
				</item>
				<item identifier="i_1-124j-foundations-of-software-engineering-fall-2000.1-124jf00-th.jpg"
          identifierref="r_contents.1-124jf00-th.jpg">
				<title>1-124jf00-th.jpg</title>
				</item>
			</item>
            <item identifier="i_1-124j-foundations-of-software-engineering-fall-2000.syllabus"
                  identifierref="r_contents.syllabus.index.htm"
                  ocw:sectionTemplateType="CourseSection"
                  ocw:sectionTemplateVersion="2016-10-15">
				<title>Syllabus</title>
			</item>
            <item identifier="i_1-124j-foundations-of-software-engineering-fall-2000.calendar"
                  identifierref="r_contents.calendar.index.htm"
                  ocw:sectionTemplateType="CourseSection"
                  ocw:sectionTemplateVersion="2016-10-15">
				<title>Calendar</title>
			</item>
            <item identifier="i_1-124j-foundations-of-software-engineering-fall-2000.lecture-notes"
                  identifierref="r_contents.lecture-notes.index.htm"
                  ocw:sectionTemplateType="CourseSection"
                  ocw:sectionTemplateVersion="2016-10-15">
				<title>Lecture Notes</title>
				<item identifier="i_1-124j-foundations-of-software-engineering-fall-2000.lecture-notes.wakeupconditions.gif"
          identifierref="r_contents.lecture-notes.wakeupconditions.gif">
				<title>wakeupconditions.gif</title>
				</item>
				<item identifier="i_1-124j-foundations-of-software-engineering-fall-2000.lecture-notes.scenegraphobject.gif"
          identifierref="r_contents.lecture-notes.scenegraphobject.gif">
				<title>scenegraphobject.gif</title>
				</item>
				<item identifier="i_1-124j-foundations-of-software-engineering-fall-2000.lecture-notes.scene.gif"
          identifierref="r_contents.lecture-notes.scene.gif">
				<title>scene.gif</title>
				</item>
				<item identifier="i_1-124j-foundations-of-software-engineering-fall-2000.lecture-notes.object.gif"
          identifierref="r_contents.lecture-notes.object.gif">
				<title>object.gif</title>
				</item>
				<item identifier="i_1-124j-foundations-of-software-engineering-fall-2000.lecture-notes.viewbranch.gif"
          identifierref="r_contents.lecture-notes.viewbranch.gif">
				<title>viewbranch.gif</title>
				</item>
				<item identifier="i_1-124j-foundations-of-software-engineering-fall-2000.lecture-notes.canvas.gif"
          identifierref="r_contents.lecture-notes.canvas.gif">
				<title>canvas.gif</title>
				</item>
				<item identifier="i_1-124j-foundations-of-software-engineering-fall-2000.lecture-notes.coords.gif"
          identifierref="r_contents.lecture-notes.coords.gif">
				<title>coords.gif</title>
				</item>
				<item identifier="i_1-124j-foundations-of-software-engineering-fall-2000.lecture-notes.myfirstj3d.gif"
          identifierref="r_contents.lecture-notes.myfirstj3d.gif">
				<title>myfirstj3d.gif</title>
				</item>
				<item identifier="i_1-124j-foundations-of-software-engineering-fall-2000.lecture-notes.geometryarray.gif"
          identifierref="r_contents.lecture-notes.geometryarray.gif">
				<title>geometryarray.gif</title>
				</item>
				<item identifier="i_1-124j-foundations-of-software-engineering-fall-2000.lecture-notes.transformation.gif"
          identifierref="r_contents.lecture-notes.transformation.gif">
				<title>transformation.gif</title>
				</item>
				<item identifier="i_1-124j-foundations-of-software-engineering-fall-2000.lecture-notes.physical_simulation"
          identifierref="r_contents.lecture-notes.physical_simulation.index.htm">
				<title>Physical Simulation</title>
				</item>
				<item identifier="i_1-124j-foundations-of-software-engineering-fall-2000.lecture-notes.makefile_primer"
          identifierref="r_contents.lecture-notes.makefile_primer.index.htm">
				<title>Makefile Primer</title>
				</item>
				<item identifier="i_1-124j-foundations-of-software-engineering-fall-2000.lecture-notes.file_io"
          identifierref="r_contents.lecture-notes.file_io.index.htm">
				<title>File I/O</title>
				</item>
				<item identifier="i_1-124j-foundations-of-software-engineering-fall-2000.lecture-notes.programming_in_java"
          identifierref="r_contents.lecture-notes.programming_in_java.index.htm">
				<title>Programming in Java</title>
				</item>
				<item identifier="i_1-124j-foundations-of-software-engineering-fall-2000.lecture-notes.static_class_members"
          identifierref="r_contents.lecture-notes.static_class_members.index.htm">
				<title>Static Class Members</title>
				</item>
				<item identifier="i_1-124j-foundations-of-software-engineering-fall-2000.lecture-notes.inheritance"
          identifierref="r_contents.lecture-notes.inheritance.index.htm">
				<title>Inheritance</title>
				</item>
				<item identifier="i_1-124j-foundations-of-software-engineering-fall-2000.lecture-notes.java_basics_contd"
          identifierref="r_contents.lecture-notes.java_basics_contd.index.htm">
				<title>Java Basics (contd.)</title>
				</item>
				<item identifier="i_1-124j-foundations-of-software-engineering-fall-2000.lecture-notes.working_with_images"
          identifierref="r_contents.lecture-notes.working_with_images.index.htm">
				<title>Working With Images</title>
				</item>
				<item identifier="i_1-124j-foundations-of-software-engineering-fall-2000.lecture-notes.java_remote_method_invokation_framework"
          identifierref="r_contents.lecture-notes.java_remote_method_invokation_framework.index.htm">
				<title>Java Remote Method Invokation Framework</title>
				</item>
				<item identifier="i_1-124j-foundations-of-software-engineering-fall-2000.lecture-notes.operator_overloading"
          identifierref="r_contents.lecture-notes.operator_overloading.index.htm">
				<title>Operator Overloading</title>
				</item>
				<item identifier="i_1-124j-foundations-of-software-engineering-fall-2000.lecture-notes.sorting"
          identifierref="r_contents.lecture-notes.sorting.index.htm">
				<title>Sorting</title>
				</item>
				<item identifier="i_1-124j-foundations-of-software-engineering-fall-2000.lecture-notes.shape_example"
          identifierref="r_contents.lecture-notes.shape_example.index.htm">
				<title>Shape Example</title>
				</item>
				<item identifier="i_1-124j-foundations-of-software-engineering-fall-2000.lecture-notes.linked_lists"
          identifierref="r_contents.lecture-notes.linked_lists.index.htm">
				<title>Linked Lists</title>
				</item>
				<item identifier="i_1-124j-foundations-of-software-engineering-fall-2000.lecture-notes.custom_graphics"
          identifierref="r_contents.lecture-notes.custom_graphics.index.htm">
				<title>Custom Graphics</title>
				</item>
				<item identifier="i_1-124j-foundations-of-software-engineering-fall-2000.lecture-notes.source_code_management_using_cvs"
          identifierref="r_contents.lecture-notes.source_code_management_using_cvs.index.htm">
				<title>Source Code Management Using CVS</title>
				</item>
				<item identifier="i_1-124j-foundations-of-software-engineering-fall-2000.lecture-notes.multithreading"
          identifierref="r_contents.lecture-notes.multithreading.index.htm">
				<title>Multithreading</title>
				</item>
				<item identifier="i_1-124j-foundations-of-software-engineering-fall-2000.lecture-notes.object-_construction_and_destruction"
          identifierref="r_contents.lecture-notes.object-_construction_and_destruction.index.htm">
				<title>Object Construction and Destruction</title>
				</item>
				<item identifier="i_1-124j-foundations-of-software-engineering-fall-2000.lecture-notes.graphical_programs"
          identifierref="r_contents.lecture-notes.graphical_programs.index.htm">
				<title>Graphical Programs</title>
				</item>
				<item identifier="i_1-124j-foundations-of-software-engineering-fall-2000.lecture-notes.applets_and_applications"
          identifierref="r_contents.lecture-notes.applets_and_applications.index.htm">
				<title>Applets and Applications</title>
				</item>
				<item identifier="i_1-124j-foundations-of-software-engineering-fall-2000.lecture-notes.dynamic_management_of_objects"
          identifierref="r_contents.lecture-notes.dynamic_management_of_objects.index.htm">
				<title>Dynamic Management of Objects</title>
				</item>
				<item identifier="i_1-124j-foundations-of-software-engineering-fall-2000.lecture-notes.java_beans"
          identifierref="r_contents.lecture-notes.java_beans.index.htm">
				<title>Java Beans</title>
				</item>
				<item identifier="i_1-124j-foundations-of-software-engineering-fall-2000.lecture-notes.java_3d_lecture"
          identifierref="r_contents.lecture-notes.java_3d_lecture.index.htm">
				<title>Java 3D Lecture</title>
				</item>
				<item identifier="i_1-124j-foundations-of-software-engineering-fall-2000.lecture-notes.templates"
          identifierref="r_contents.lecture-notes.templates.index.htm">
				<title>Templates</title>
				</item>
				<item identifier="i_1-124j-foundations-of-software-engineering-fall-2000.lecture-notes.overview_of_c-_and_object_oriented_design"
          identifierref="r_contents.lecture-notes.overview_of_c-_and_object_oriented_design.index.htm">
				<title>Overview of C++ and Object-Oriented Design</title>
				</item>
				<item identifier="i_1-124j-foundations-of-software-engineering-fall-2000.lecture-notes.gnu_makefile_documentation"
          identifierref="r_contents.lecture-notes.gnu_makefile_documentation.index.htm">
				<title>GNU Makefile Documentation</title>
				</item>
			</item>
            <item identifier="i_1-124j-foundations-of-software-engineering-fall-2000.recitations"
                  identifierref="r_contents.recitations.index.htm"
                  ocw:sectionTemplateType="CourseSection"
                  ocw:sectionTemplateVersion="2016-10-15">
				<title>Recitations</title>
				<item identifier="i_1-124j-foundations-of-software-engineering-fall-2000.recitations.object.gif"
          identifierref="r_contents.recitations.object.gif">
				<title>object.gif</title>
				</item>
				<item identifier="i_1-124j-foundations-of-software-engineering-fall-2000.recitations.dialog2.gif"
          identifierref="r_contents.recitations.dialog2.gif">
				<title>dialog2.gif</title>
				</item>
				<item identifier="i_1-124j-foundations-of-software-engineering-fall-2000.recitations.26outputs.gif"
          identifierref="r_contents.recitations.26outputs.gif">
				<title>26outputs.gif</title>
				</item>
				<item identifier="i_1-124j-foundations-of-software-engineering-fall-2000.recitations.testingJApplet.gif"
          identifierref="r_contents.recitations.testingJApplet.gif">
				<title>testingJApplet.gif</title>
				</item>
				<item identifier="i_1-124j-foundations-of-software-engineering-fall-2000.recitations.23reader.gif"
          identifierref="r_contents.recitations.23reader.gif">
				<title>23reader.gif</title>
				</item>
				<item identifier="i_1-124j-foundations-of-software-engineering-fall-2000.recitations.jpanel.gif"
          identifierref="r_contents.recitations.jpanel.gif">
				<title>jpanel.gif</title>
				</item>
				<item identifier="i_1-124j-foundations-of-software-engineering-fall-2000.recitations.8object.gif"
          identifierref="r_contents.recitations.8object.gif">
				<title>8object.gif</title>
				</item>
				<item identifier="i_1-124j-foundations-of-software-engineering-fall-2000.recitations.threadStates.gif"
          identifierref="r_contents.recitations.threadStates.gif">
				<title>threadStates.gif</title>
				</item>
				<item identifier="i_1-124j-foundations-of-software-engineering-fall-2000.recitations.25inputs.gif"
          identifierref="r_contents.recitations.25inputs.gif">
				<title>25inputs.gif</title>
				</item>
				<item identifier="i_1-124j-foundations-of-software-engineering-fall-2000.recitations.myJFrame1.gif"
          identifierref="r_contents.recitations.myJFrame1.gif">
				<title>myJFrame1.gif</title>
				</item>
				<item identifier="i_1-124j-foundations-of-software-engineering-fall-2000.recitations.layers.jpg"
          identifierref="r_contents.recitations.layers.jpg">
				<title>layers.jpg</title>
				</item>
				<item identifier="i_1-124j-foundations-of-software-engineering-fall-2000.recitations.button1.gif"
          identifierref="r_contents.recitations.button1.gif">
				<title>button1.gif</title>
				</item>
				<item identifier="i_1-124j-foundations-of-software-engineering-fall-2000.recitations.10jtextcomp.gif"
          identifierref="r_contents.recitations.10jtextcomp.gif">
				<title>10jtextcomp.gif</title>
				</item>
				<item identifier="i_1-124j-foundations-of-software-engineering-fall-2000.recitations.24writer.gif"
          identifierref="r_contents.recitations.24writer.gif">
				<title>24writer.gif</title>
				</item>
				<item identifier="i_1-124j-foundations-of-software-engineering-fall-2000.recitations.window1.gif"
          identifierref="r_contents.recitations.window1.gif">
				<title>window1.gif</title>
				</item>
				<item identifier="i_1-124j-foundations-of-software-engineering-fall-2000.recitations.JScrollPane.gif"
          identifierref="r_contents.recitations.JScrollPane.gif">
				<title>JScrollPane.gif</title>
				</item>
				<item identifier="i_1-124j-foundations-of-software-engineering-fall-2000.recitations.rec2a.jpg"
          identifierref="r_contents.recitations.rec2a.jpg">
				<title>rec2a.jpg</title>
				</item>
				<item identifier="i_1-124j-foundations-of-software-engineering-fall-2000.recitations.rec2b.jpg"
          identifierref="r_contents.recitations.rec2b.jpg">
				<title>rec2b.jpg</title>
				</item>
				<item identifier="i_1-124j-foundations-of-software-engineering-fall-2000.recitations.applet1.gif"
          identifierref="r_contents.recitations.applet1.gif">
				<title>applet1.gif</title>
				</item>
				<item identifier="i_1-124j-foundations-of-software-engineering-fall-2000.recitations.application1.gif"
          identifierref="r_contents.recitations.application1.gif">
				<title>application1.gif</title>
				</item>
				<item identifier="i_1-124j-foundations-of-software-engineering-fall-2000.recitations.dialog1.gif"
          identifierref="r_contents.recitations.dialog1.gif">
				<title>dialog1.gif</title>
				</item>
				<item identifier="i_1-124j-foundations-of-software-engineering-fall-2000.recitations.recitation_7"
          identifierref="r_contents.recitations.recitation_7.index.htm">
				<title>Recitation 7</title>
				</item>
				<item identifier="i_1-124j-foundations-of-software-engineering-fall-2000.recitations.recitation_4"
          identifierref="r_contents.recitations.recitation_4.index.htm">
				<title>Recitation 4</title>
				</item>
				<item identifier="i_1-124j-foundations-of-software-engineering-fall-2000.recitations.recitation_2"
          identifierref="r_contents.recitations.recitation_2.index.htm">
				<title>Recitation 2</title>
				</item>
				<item identifier="i_1-124j-foundations-of-software-engineering-fall-2000.recitations.recitation_5"
          identifierref="r_contents.recitations.recitation_5.index.htm">
				<title>Recitation 5</title>
				</item>
				<item identifier="i_1-124j-foundations-of-software-engineering-fall-2000.recitations.recitation_8"
          identifierref="r_contents.recitations.recitation_8.index.htm">
				<title>Recitation 8</title>
				</item>
				<item identifier="i_1-124j-foundations-of-software-engineering-fall-2000.recitations.recitation_1"
          identifierref="r_contents.recitations.recitation_1.index.htm">
				<title>Recitation 1</title>
				</item>
				<item identifier="i_1-124j-foundations-of-software-engineering-fall-2000.recitations.recitation_3"
          identifierref="r_contents.recitations.recitation_3.index.htm">
				<title>Recitation 3</title>
				</item>
				<item identifier="i_1-124j-foundations-of-software-engineering-fall-2000.recitations.recitation_6"
          identifierref="r_contents.recitations.recitation_6.index.htm">
				<title>Recitation 6</title>
				</item>
				<item identifier="i_1-124j-foundations-of-software-engineering-fall-2000.recitations.recitation_9"
          identifierref="r_contents.recitations.recitation_9.index.htm">
				<title>Recitation 9</title>
				</item>
			</item>
            <item identifier="i_1-124j-foundations-of-software-engineering-fall-2000.assignments"
                  identifierref="r_contents.assignments.index.htm"
                  ocw:sectionTemplateType="CourseSection"
                  ocw:sectionTemplateVersion="2016-10-15">
				<title>Assignments</title>
				<item identifier="i_1-124j-foundations-of-software-engineering-fall-2000.assignments.ps1.pdf"
          identifierref="r_contents.assignments.ps1.pdf">
				<title>ps1.pdf</title>
				</item>
				<item identifier="i_1-124j-foundations-of-software-engineering-fall-2000.assignments.sol5.pdf"
          identifierref="r_contents.assignments.sol5.pdf">
				<title>sol5.pdf</title>
				</item>
				<item identifier="i_1-124j-foundations-of-software-engineering-fall-2000.assignments.ps3.pdf"
          identifierref="r_contents.assignments.ps3.pdf">
				<title>ps3.pdf</title>
				</item>
				<item identifier="i_1-124j-foundations-of-software-engineering-fall-2000.assignments.sol7.pdf"
          identifierref="r_contents.assignments.sol7.pdf">
				<title>sol7.pdf</title>
				</item>
				<item identifier="i_1-124j-foundations-of-software-engineering-fall-2000.assignments.ps5.pdf"
          identifierref="r_contents.assignments.ps5.pdf">
				<title>ps5.pdf</title>
				</item>
				<item identifier="i_1-124j-foundations-of-software-engineering-fall-2000.assignments.sol2.pdf"
          identifierref="r_contents.assignments.sol2.pdf">
				<title>sol2.pdf</title>
				</item>
				<item identifier="i_1-124j-foundations-of-software-engineering-fall-2000.assignments.sol4.pdf"
          identifierref="r_contents.assignments.sol4.pdf">
				<title>sol4.pdf</title>
				</item>
				<item identifier="i_1-124j-foundations-of-software-engineering-fall-2000.assignments.ps7.pdf"
          identifierref="r_contents.assignments.ps7.pdf">
				<title>ps7.pdf</title>
				</item>
				<item identifier="i_1-124j-foundations-of-software-engineering-fall-2000.assignments.ps2.pdf"
          identifierref="r_contents.assignments.ps2.pdf">
				<title>ps2.pdf</title>
				</item>
				<item identifier="i_1-124j-foundations-of-software-engineering-fall-2000.assignments.pole.data"
          identifierref="r_contents.assignments.pole.data">
				<title>pole.data</title>
				</item>
				<item identifier="i_1-124j-foundations-of-software-engineering-fall-2000.assignments.sol3.pdf"
          identifierref="r_contents.assignments.sol3.pdf">
				<title>sol3.pdf</title>
				</item>
				<item identifier="i_1-124j-foundations-of-software-engineering-fall-2000.assignments.ps4.pdf"
          identifierref="r_contents.assignments.ps4.pdf">
				<title>ps4.pdf</title>
				</item>
				<item identifier="i_1-124j-foundations-of-software-engineering-fall-2000.assignments.sol6.pdf"
          identifierref="r_contents.assignments.sol6.pdf">
				<title>sol6.pdf</title>
				</item>
				<item identifier="i_1-124j-foundations-of-software-engineering-fall-2000.assignments.sol1.pdf"
          identifierref="r_contents.assignments.sol1.pdf">
				<title>sol1.pdf</title>
				</item>
				<item identifier="i_1-124j-foundations-of-software-engineering-fall-2000.assignments.ps6.pdf"
          identifierref="r_contents.assignments.ps6.pdf">
				<title>ps6.pdf</title>
				</item>
			</item>
            <item identifier="i_1-124j-foundations-of-software-engineering-fall-2000.exams"
                  identifierref="r_contents.exams.index.htm"
                  ocw:sectionTemplateType="CourseSection"
                  ocw:sectionTemplateVersion="2016-10-15">
				<title>Exams</title>
				<item identifier="i_1-124j-foundations-of-software-engineering-fall-2000.exams.quiz1.pdf"
          identifierref="r_contents.exams.quiz1.pdf">
				<title>quiz1.pdf</title>
				</item>
				<item identifier="i_1-124j-foundations-of-software-engineering-fall-2000.exams.quiz2.pdf"
          identifierref="r_contents.exams.quiz2.pdf">
				<title>quiz2.pdf</title>
				</item>
				<item identifier="i_1-124j-foundations-of-software-engineering-fall-2000.exams.quiz1_solutions.pdf"
          identifierref="r_contents.exams.quiz1_solutions.pdf">
				<title>quiz1_solutions.pdf</title>
				</item>
				<item identifier="i_1-124j-foundations-of-software-engineering-fall-2000.exams.quiz2_solutions.pdf"
          identifierref="r_contents.exams.quiz2_solutions.pdf">
				<title>quiz2_solutions.pdf</title>
				</item>
				<item identifier="i_1-124j-foundations-of-software-engineering-fall-2000.exams.sample_quiz1_answers.pdf"
          identifierref="r_contents.exams.sample_quiz1_answers.pdf">
				<title>sample_quiz1_answers.pdf</title>
				</item>
				<item identifier="i_1-124j-foundations-of-software-engineering-fall-2000.exams.sample_quiz1.pdf"
          identifierref="r_contents.exams.sample_quiz1.pdf">
				<title>sample_quiz1.pdf</title>
				</item>
			</item>
            <item identifier="i_1-124j-foundations-of-software-engineering-fall-2000.projects"
                  identifierref="r_contents.projects.index.htm"
                  ocw:sectionTemplateType="CourseSection"
                  ocw:sectionTemplateVersion="2016-10-15">
				<title>Projects</title>
			</item>
            <item identifier="i_terms"
                  identifierref="r_common.terms.index.htm"
                  ocw:sectionTemplateType="GlobalSection"
                  ocw:sectionTemplateVersion="2016-10-15">
				<title>Legal Notices</title>
			</item>
            <item identifier="i_terms"
                  identifierref="r_common.terms.index.htm"
                  ocw:sectionTemplateType="GlobalSection"
                  ocw:sectionTemplateVersion="2016-10-15">
				<title>Privacy Statement</title>
			</item>
            <item identifier="i_terms.trademarks"
                  identifierref="r_common.terms.trademarks.index.htm"
                  ocw:sectionTemplateType="GlobalSection"
                  ocw:sectionTemplateVersion="2016-10-15">
				<title>Trademark Notices</title>
			</item>
        </organization>
    </organizations>
    <resources>
        <resource identifier="r_contents.recitations.23reader.gif"
                  type="other"
                  href="contents/recitations/23reader.gif">
            <metadata>
                <adlcp:location>contents/recitations/23reader.gif.xml</adlcp:location>
            </metadata>
            <file href="contents/recitations/23reader.gif"/>
                        
        </resource>
        <resource identifier="r_contents.recitations.application1.gif"
                  type="other"
                  href="contents/recitations/application1.gif">
            <metadata>
                <adlcp:location>contents/recitations/application1.gif.xml</adlcp:location>
            </metadata>
            <file href="contents/recitations/application1.gif"/>
                        
        </resource>
        <resource identifier="r_contents.recitations.26outputs.gif"
                  type="other"
                  href="contents/recitations/26outputs.gif">
            <metadata>
                <adlcp:location>contents/recitations/26outputs.gif.xml</adlcp:location>
            </metadata>
            <file href="contents/recitations/26outputs.gif"/>
                        
        </resource>
        <resource identifier="r_contents.lecture-notes.file_io.index.htm"
                  type="webcontent"
                  href="contents/lecture-notes/file_io/index.htm">
            <metadata>
                <adlcp:location>contents/lecture-notes/file_io/index.htm.xml</adlcp:location>
            </metadata>
            <file href="contents/lecture-notes/file_io/index.htm"/>
            <dependency identifierref="webrenderrequirements.1-124j-foundations-of-software-engineering-fall-2000"/>            
        </resource>
        <resource identifier="r_contents.lecture-notes.working_with_images.index.htm"
                  type="webcontent"
                  href="contents/lecture-notes/working_with_images/index.htm">
            <metadata>
                <adlcp:location>contents/lecture-notes/working_with_images/index.htm.xml</adlcp:location>
            </metadata>
            <file href="contents/lecture-notes/working_with_images/index.htm"/>
            <dependency identifierref="webrenderrequirements.1-124j-foundations-of-software-engineering-fall-2000"/>            
        </resource>
        <resource identifier="r_contents.assignments.sol6.pdf"
                  type="other"
                  href="contents/assignments/sol6.pdf">
            <metadata>
                <adlcp:location>contents/assignments/sol6.pdf.xml</adlcp:location>
            </metadata>
            <file href="contents/assignments/sol6.pdf"/>
                        
        </resource>
        <resource identifier="r_contents.recitations.JScrollPane.gif"
                  type="other"
                  href="contents/recitations/JScrollPane.gif">
            <metadata>
                <adlcp:location>contents/recitations/JScrollPane.gif.xml</adlcp:location>
            </metadata>
            <file href="contents/recitations/JScrollPane.gif"/>
                        
        </resource>
        <resource identifier="r_contents.assignments.ps1.pdf"
                  type="other"
                  href="contents/assignments/ps1.pdf">
            <metadata>
                <adlcp:location>contents/assignments/ps1.pdf.xml</adlcp:location>
            </metadata>
            <file href="contents/assignments/ps1.pdf"/>
                        
        </resource>
        <resource identifier="r_contents.lecture-notes.linked_lists.index.htm"
                  type="webcontent"
                  href="contents/lecture-notes/linked_lists/index.htm">
            <metadata>
                <adlcp:location>contents/lecture-notes/linked_lists/index.htm.xml</adlcp:location>
            </metadata>
            <file href="contents/lecture-notes/linked_lists/index.htm"/>
            <dependency identifierref="webrenderrequirements.1-124j-foundations-of-software-engineering-fall-2000"/>            
        </resource>
        <resource identifier="r_contents.lecture-notes.gnu_makefile_documentation.index.htm"
                  type="webcontent"
                  href="contents/lecture-notes/gnu_makefile_documentation/index.htm">
            <metadata>
                <adlcp:location>contents/lecture-notes/gnu_makefile_documentation/index.htm.xml</adlcp:location>
            </metadata>
            <file href="contents/lecture-notes/gnu_makefile_documentation/index.htm"/>
            <dependency identifierref="webrenderrequirements.1-124j-foundations-of-software-engineering-fall-2000"/>            
        </resource>
        <resource identifier="r_contents.assignments.sol1.pdf"
                  type="other"
                  href="contents/assignments/sol1.pdf">
            <metadata>
                <adlcp:location>contents/assignments/sol1.pdf.xml</adlcp:location>
            </metadata>
            <file href="contents/assignments/sol1.pdf"/>
                        
        </resource>
        <resource identifier="r_contents.recitations.recitation_5.index.htm"
                  type="webcontent"
                  href="contents/recitations/recitation_5/index.htm">
            <metadata>
                <adlcp:location>contents/recitations/recitation_5/index.htm.xml</adlcp:location>
            </metadata>
            <file href="contents/recitations/recitation_5/index.htm"/>
            <dependency identifierref="webrenderrequirements.1-124j-foundations-of-software-engineering-fall-2000"/>            
        </resource>
        <resource identifier="r_contents.lecture-notes.index.htm"
                  type="webcontent"
                  href="contents/lecture-notes/index.htm">
            <metadata>
                <adlcp:location>contents/lecture-notes/index.htm.xml</adlcp:location>
            </metadata>
            <file href="contents/lecture-notes/index.htm"/>
            <dependency identifierref="webrenderrequirements.1-124j-foundations-of-software-engineering-fall-2000"/>            
        </resource>
        <resource identifier="r_contents.lecture-notes.static_class_members.index.htm"
                  type="webcontent"
                  href="contents/lecture-notes/static_class_members/index.htm">
            <metadata>
                <adlcp:location>contents/lecture-notes/static_class_members/index.htm.xml</adlcp:location>
            </metadata>
            <file href="contents/lecture-notes/static_class_members/index.htm"/>
            <dependency identifierref="webrenderrequirements.1-124j-foundations-of-software-engineering-fall-2000"/>            
        </resource>
        <resource identifier="r_contents.recitations.index.htm"
                  type="webcontent"
                  href="contents/recitations/index.htm">
            <metadata>
                <adlcp:location>contents/recitations/index.htm.xml</adlcp:location>
            </metadata>
            <file href="contents/recitations/index.htm"/>
            <dependency identifierref="webrenderrequirements.1-124j-foundations-of-software-engineering-fall-2000"/>            
        </resource>
        <resource identifier="r_contents.assignments.ps6.pdf"
                  type="other"
                  href="contents/assignments/ps6.pdf">
            <metadata>
                <adlcp:location>contents/assignments/ps6.pdf.xml</adlcp:location>
            </metadata>
            <file href="contents/assignments/ps6.pdf"/>
                        
        </resource>
        <resource identifier="r_contents.lecture-notes.java_beans.index.htm"
                  type="webcontent"
                  href="contents/lecture-notes/java_beans/index.htm">
            <metadata>
                <adlcp:location>contents/lecture-notes/java_beans/index.htm.xml</adlcp:location>
            </metadata>
            <file href="contents/lecture-notes/java_beans/index.htm"/>
            <dependency identifierref="webrenderrequirements.1-124j-foundations-of-software-engineering-fall-2000"/>            
        </resource>
        <resource identifier="r_contents.lecture-notes.wakeupconditions.gif"
                  type="other"
                  href="contents/lecture-notes/wakeupconditions.gif">
            <metadata>
                <adlcp:location>contents/lecture-notes/wakeupconditions.gif.xml</adlcp:location>
            </metadata>
            <file href="contents/lecture-notes/wakeupconditions.gif"/>
                        
        </resource>
        <resource identifier="r_contents.recitations.object.gif"
                  type="other"
                  href="contents/recitations/object.gif">
            <metadata>
                <adlcp:location>contents/recitations/object.gif.xml</adlcp:location>
            </metadata>
            <file href="contents/recitations/object.gif"/>
                        
        </resource>
        <resource identifier="r_contents.lecture-notes.graphical_programs.index.htm"
                  type="webcontent"
                  href="contents/lecture-notes/graphical_programs/index.htm">
            <metadata>
                <adlcp:location>contents/lecture-notes/graphical_programs/index.htm.xml</adlcp:location>
            </metadata>
            <file href="contents/lecture-notes/graphical_programs/index.htm"/>
            <dependency identifierref="webrenderrequirements.1-124j-foundations-of-software-engineering-fall-2000"/>            
        </resource>
        <resource identifier="r_contents.lecture-notes.canvas.gif"
                  type="other"
                  href="contents/lecture-notes/canvas.gif">
            <metadata>
                <adlcp:location>contents/lecture-notes/canvas.gif.xml</adlcp:location>
            </metadata>
            <file href="contents/lecture-notes/canvas.gif"/>
                        
        </resource>
        <resource identifier="r_contents.recitations.recitation_1.index.htm"
                  type="webcontent"
                  href="contents/recitations/recitation_1/index.htm">
            <metadata>
                <adlcp:location>contents/recitations/recitation_1/index.htm.xml</adlcp:location>
            </metadata>
            <file href="contents/recitations/recitation_1/index.htm"/>
            <dependency identifierref="webrenderrequirements.1-124j-foundations-of-software-engineering-fall-2000"/>            
        </resource>
        <resource identifier="r_contents.lecture-notes.physical_simulation.index.htm"
                  type="webcontent"
                  href="contents/lecture-notes/physical_simulation/index.htm">
            <metadata>
                <adlcp:location>contents/lecture-notes/physical_simulation/index.htm.xml</adlcp:location>
            </metadata>
            <file href="contents/lecture-notes/physical_simulation/index.htm"/>
            <dependency identifierref="webrenderrequirements.1-124j-foundations-of-software-engineering-fall-2000"/>            
        </resource>
        <resource identifier="r_contents.exams.index.htm"
                  type="webcontent"
                  href="contents/exams/index.htm">
            <metadata>
                <adlcp:location>contents/exams/index.htm.xml</adlcp:location>
            </metadata>
            <file href="contents/exams/index.htm"/>
            <dependency identifierref="webrenderrequirements.1-124j-foundations-of-software-engineering-fall-2000"/>            
        </resource>
        <resource identifier="r_contents.assignments.pole.data"
                  type="other"
                  href="contents/assignments/pole.data">
            <metadata>
                <adlcp:location>contents/assignments/pole.data.xml</adlcp:location>
            </metadata>
            <file href="contents/assignments/pole.data"/>
                        
        </resource>
        <resource identifier="r_contents.recitations.dialog2.gif"
                  type="other"
                  href="contents/recitations/dialog2.gif">
            <metadata>
                <adlcp:location>contents/recitations/dialog2.gif.xml</adlcp:location>
            </metadata>
            <file href="contents/recitations/dialog2.gif"/>
                        
        </resource>
        <resource identifier="r_contents.exams.quiz1.pdf"
                  type="other"
                  href="contents/exams/quiz1.pdf">
            <metadata>
                <adlcp:location>contents/exams/quiz1.pdf.xml</adlcp:location>
            </metadata>
            <file href="contents/exams/quiz1.pdf"/>
                        
        </resource>
        <resource identifier="r_contents.lecture-notes.custom_graphics.index.htm"
                  type="webcontent"
                  href="contents/lecture-notes/custom_graphics/index.htm">
            <metadata>
                <adlcp:location>contents/lecture-notes/custom_graphics/index.htm.xml</adlcp:location>
            </metadata>
            <file href="contents/lecture-notes/custom_graphics/index.htm"/>
            <dependency identifierref="webrenderrequirements.1-124j-foundations-of-software-engineering-fall-2000"/>            
        </resource>
        <resource identifier="r_contents.recitations.10jtextcomp.gif"
                  type="other"
                  href="contents/recitations/10jtextcomp.gif">
            <metadata>
                <adlcp:location>contents/recitations/10jtextcomp.gif.xml</adlcp:location>
            </metadata>
            <file href="contents/recitations/10jtextcomp.gif"/>
                        
        </resource>
        <resource identifier="r_contents.exams.quiz2.pdf"
                  type="other"
                  href="contents/exams/quiz2.pdf">
            <metadata>
                <adlcp:location>contents/exams/quiz2.pdf.xml</adlcp:location>
            </metadata>
            <file href="contents/exams/quiz2.pdf"/>
                        
        </resource>
        <resource identifier="r_contents.lecture-notes.coords.gif"
                  type="other"
                  href="contents/lecture-notes/coords.gif">
            <metadata>
                <adlcp:location>contents/lecture-notes/coords.gif.xml</adlcp:location>
            </metadata>
            <file href="contents/lecture-notes/coords.gif"/>
                        
        </resource>
        <resource identifier="r_contents.recitations.rec2b.jpg"
                  type="other"
                  href="contents/recitations/rec2b.jpg">
            <metadata>
                <adlcp:location>contents/recitations/rec2b.jpg.xml</adlcp:location>
            </metadata>
            <file href="contents/recitations/rec2b.jpg"/>
                        
        </resource>
        <resource identifier="r_contents.exams.quiz1_solutions.pdf"
                  type="other"
                  href="contents/exams/quiz1_solutions.pdf">
            <metadata>
                <adlcp:location>contents/exams/quiz1_solutions.pdf.xml</adlcp:location>
            </metadata>
            <file href="contents/exams/quiz1_solutions.pdf"/>
                        
        </resource>
        <resource identifier="r_contents.lecture-notes.operator_overloading.index.htm"
                  type="webcontent"
                  href="contents/lecture-notes/operator_overloading/index.htm">
            <metadata>
                <adlcp:location>contents/lecture-notes/operator_overloading/index.htm.xml</adlcp:location>
            </metadata>
            <file href="contents/lecture-notes/operator_overloading/index.htm"/>
            <dependency identifierref="webrenderrequirements.1-124j-foundations-of-software-engineering-fall-2000"/>            
        </resource>
        <resource identifier="r_contents.lecture-notes.multithreading.index.htm"
                  type="webcontent"
                  href="contents/lecture-notes/multithreading/index.htm">
            <metadata>
                <adlcp:location>contents/lecture-notes/multithreading/index.htm.xml</adlcp:location>
            </metadata>
            <file href="contents/lecture-notes/multithreading/index.htm"/>
            <dependency identifierref="webrenderrequirements.1-124j-foundations-of-software-engineering-fall-2000"/>            
        </resource>
        <resource identifier="r_contents.assignments.sol5.pdf"
                  type="other"
                  href="contents/assignments/sol5.pdf">
            <metadata>
                <adlcp:location>contents/assignments/sol5.pdf.xml</adlcp:location>
            </metadata>
            <file href="contents/assignments/sol5.pdf"/>
                        
        </resource>
        <resource identifier="r_contents.exams.quiz2_solutions.pdf"
                  type="other"
                  href="contents/exams/quiz2_solutions.pdf">
            <metadata>
                <adlcp:location>contents/exams/quiz2_solutions.pdf.xml</adlcp:location>
            </metadata>
            <file href="contents/exams/quiz2_solutions.pdf"/>
                        
        </resource>
        <resource identifier="r_contents.1-124jf00.jpg"
                  type="other" href="contents/1-124jf00.jpg">
            <metadata>
                <adlcp:location>contents/1-124jf00.jpg.xml</adlcp:location>
            </metadata>
            <file href="contents/1-124jf00.jpg"/>
                        
        </resource>
        <resource identifier="r_contents.lecture-notes.inheritance.index.htm"
                  type="webcontent"
                  href="contents/lecture-notes/inheritance/index.htm">
            <metadata>
                <adlcp:location>contents/lecture-notes/inheritance/index.htm.xml</adlcp:location>
            </metadata>
            <file href="contents/lecture-notes/inheritance/index.htm"/>
            <dependency identifierref="webrenderrequirements.1-124j-foundations-of-software-engineering-fall-2000"/>            
        </resource>
        <resource identifier="r_contents.assignments.ps3.pdf"
                  type="other"
                  href="contents/assignments/ps3.pdf">
            <metadata>
                <adlcp:location>contents/assignments/ps3.pdf.xml</adlcp:location>
            </metadata>
            <file href="contents/assignments/ps3.pdf"/>
                        
        </resource>
        <resource identifier="r_contents.exams.sample_quiz1_answers.pdf"
                  type="other"
                  href="contents/exams/sample_quiz1_answers.pdf">
            <metadata>
                <adlcp:location>contents/exams/sample_quiz1_answers.pdf.xml</adlcp:location>
            </metadata>
            <file href="contents/exams/sample_quiz1_answers.pdf"/>
                        
        </resource>
        <resource identifier="r_contents.lecture-notes.java_3d_lecture.index.htm"
                  type="webcontent"
                  href="contents/lecture-notes/java_3d_lecture/index.htm">
            <metadata>
                <adlcp:location>contents/lecture-notes/java_3d_lecture/index.htm.xml</adlcp:location>
            </metadata>
            <file href="contents/lecture-notes/java_3d_lecture/index.htm"/>
            <dependency identifierref="webrenderrequirements.1-124j-foundations-of-software-engineering-fall-2000"/>            
        </resource>
        <resource identifier="r_contents.index.htm"
                  type="webcontent"
                  href="contents/index.htm">
            <metadata>
                <adlcp:location>contents/index.htm.xml</adlcp:location>
            </metadata>
            <file href="contents/index.htm"/>
            <dependency identifierref="webrenderrequirements.1-124j-foundations-of-software-engineering-fall-2000"/>            
        </resource>
        <resource identifier="r_contents.recitations.jpanel.gif"
                  type="other"
                  href="contents/recitations/jpanel.gif">
            <metadata>
                <adlcp:location>contents/recitations/jpanel.gif.xml</adlcp:location>
            </metadata>
            <file href="contents/recitations/jpanel.gif"/>
                        
        </resource>
        <resource identifier="r_contents.recitations.8object.gif"
                  type="other"
                  href="contents/recitations/8object.gif">
            <metadata>
                <adlcp:location>contents/recitations/8object.gif.xml</adlcp:location>
            </metadata>
            <file href="contents/recitations/8object.gif"/>
                        
        </resource>
        <resource identifier="r_contents.exams.sample_quiz1.pdf"
                  type="other"
                  href="contents/exams/sample_quiz1.pdf">
            <metadata>
                <adlcp:location>contents/exams/sample_quiz1.pdf.xml</adlcp:location>
            </metadata>
            <file href="contents/exams/sample_quiz1.pdf"/>
                        
        </resource>
        <resource identifier="r_contents.recitations.recitation_8.index.htm"
                  type="webcontent"
                  href="contents/recitations/recitation_8/index.htm">
            <metadata>
                <adlcp:location>contents/recitations/recitation_8/index.htm.xml</adlcp:location>
            </metadata>
            <file href="contents/recitations/recitation_8/index.htm"/>
            <dependency identifierref="webrenderrequirements.1-124j-foundations-of-software-engineering-fall-2000"/>            
        </resource>
        <resource identifier="r_contents.assignments.ps4.pdf"
                  type="other"
                  href="contents/assignments/ps4.pdf">
            <metadata>
                <adlcp:location>contents/assignments/ps4.pdf.xml</adlcp:location>
            </metadata>
            <file href="contents/assignments/ps4.pdf"/>
                        
        </resource>
        <resource identifier="r_contents.recitations.25inputs.gif"
                  type="other"
                  href="contents/recitations/25inputs.gif">
            <metadata>
                <adlcp:location>contents/recitations/25inputs.gif.xml</adlcp:location>
            </metadata>
            <file href="contents/recitations/25inputs.gif"/>
                        
        </resource>
        <resource identifier="r_contents.lecture-notes.programming_in_java.index.htm"
                  type="webcontent"
                  href="contents/lecture-notes/programming_in_java/index.htm">
            <metadata>
                <adlcp:location>contents/lecture-notes/programming_in_java/index.htm.xml</adlcp:location>
            </metadata>
            <file href="contents/lecture-notes/programming_in_java/index.htm"/>
            <dependency identifierref="webrenderrequirements.1-124j-foundations-of-software-engineering-fall-2000"/>            
        </resource>
        <resource identifier="r_contents.recitations.threadStates.gif"
                  type="other"
                  href="contents/recitations/threadStates.gif">
            <metadata>
                <adlcp:location>contents/recitations/threadStates.gif.xml</adlcp:location>
            </metadata>
            <file href="contents/recitations/threadStates.gif"/>
                        
        </resource>
        <resource identifier="r_contents.projects.index.htm"
                  type="webcontent"
                  href="contents/projects/index.htm">
            <metadata>
                <adlcp:location>contents/projects/index.htm.xml</adlcp:location>
            </metadata>
            <file href="contents/projects/index.htm"/>
            <dependency identifierref="webrenderrequirements.1-124j-foundations-of-software-engineering-fall-2000"/>            
        </resource>
        <resource identifier="r_contents.lecture-notes.java_remote_method_invokation_framework.index.htm"
                  type="webcontent"
                  href="contents/lecture-notes/java_remote_method_invokation_framework/index.htm">
            <metadata>
                <adlcp:location>contents/lecture-notes/java_remote_method_invokation_framework/index.htm.xml</adlcp:location>
            </metadata>
            <file href="contents/lecture-notes/java_remote_method_invokation_framework/index.htm"/>
            <dependency identifierref="webrenderrequirements.1-124j-foundations-of-software-engineering-fall-2000"/>            
        </resource>
        <resource identifier="r_contents.lecture-notes.source_code_management_using_cvs.index.htm"
                  type="webcontent"
                  href="contents/lecture-notes/source_code_management_using_cvs/index.htm">
            <metadata>
                <adlcp:location>contents/lecture-notes/source_code_management_using_cvs/index.htm.xml</adlcp:location>
            </metadata>
            <file href="contents/lecture-notes/source_code_management_using_cvs/index.htm"/>
            <dependency identifierref="webrenderrequirements.1-124j-foundations-of-software-engineering-fall-2000"/>            
        </resource>
        <resource identifier="r_contents.recitations.recitation_6.index.htm"
                  type="webcontent"
                  href="contents/recitations/recitation_6/index.htm">
            <metadata>
                <adlcp:location>contents/recitations/recitation_6/index.htm.xml</adlcp:location>
            </metadata>
            <file href="contents/recitations/recitation_6/index.htm"/>
            <dependency identifierref="webrenderrequirements.1-124j-foundations-of-software-engineering-fall-2000"/>            
        </resource>
        <resource identifier="r_contents.lecture-notes.myfirstj3d.gif"
                  type="other"
                  href="contents/lecture-notes/myfirstj3d.gif">
            <metadata>
                <adlcp:location>contents/lecture-notes/myfirstj3d.gif.xml</adlcp:location>
            </metadata>
            <file href="contents/lecture-notes/myfirstj3d.gif"/>
                        
        </resource>
        <resource identifier="r_contents.recitations.dialog1.gif"
                  type="other"
                  href="contents/recitations/dialog1.gif">
            <metadata>
                <adlcp:location>contents/recitations/dialog1.gif.xml</adlcp:location>
            </metadata>
            <file href="contents/recitations/dialog1.gif"/>
                        
        </resource>
        <resource identifier="r_contents.recitations.recitation_9.index.htm"
                  type="webcontent"
                  href="contents/recitations/recitation_9/index.htm">
            <metadata>
                <adlcp:location>contents/recitations/recitation_9/index.htm.xml</adlcp:location>
            </metadata>
            <file href="contents/recitations/recitation_9/index.htm"/>
            <dependency identifierref="webrenderrequirements.1-124j-foundations-of-software-engineering-fall-2000"/>            
        </resource>
        <resource identifier="r_contents.lecture-notes.applets_and_applications.index.htm"
                  type="webcontent"
                  href="contents/lecture-notes/applets_and_applications/index.htm">
            <metadata>
                <adlcp:location>contents/lecture-notes/applets_and_applications/index.htm.xml</adlcp:location>
            </metadata>
            <file href="contents/lecture-notes/applets_and_applications/index.htm"/>
            <dependency identifierref="webrenderrequirements.1-124j-foundations-of-software-engineering-fall-2000"/>            
        </resource>
        <resource identifier="r_contents.lecture-notes.sorting.index.htm"
                  type="webcontent"
                  href="contents/lecture-notes/sorting/index.htm">
            <metadata>
                <adlcp:location>contents/lecture-notes/sorting/index.htm.xml</adlcp:location>
            </metadata>
            <file href="contents/lecture-notes/sorting/index.htm"/>
            <dependency identifierref="webrenderrequirements.1-124j-foundations-of-software-engineering-fall-2000"/>            
        </resource>
        <resource identifier="r_contents.lecture-notes.object.gif"
                  type="other"
                  href="contents/lecture-notes/object.gif">
            <metadata>
                <adlcp:location>contents/lecture-notes/object.gif.xml</adlcp:location>
            </metadata>
            <file href="contents/lecture-notes/object.gif"/>
                        
        </resource>
        <resource identifier="r_contents.lecture-notes.scenegraphobject.gif"
                  type="other"
                  href="contents/lecture-notes/scenegraphobject.gif">
            <metadata>
                <adlcp:location>contents/lecture-notes/scenegraphobject.gif.xml</adlcp:location>
            </metadata>
            <file href="contents/lecture-notes/scenegraphobject.gif"/>
                        
        </resource>
        <resource identifier="r_contents.assignments.index.htm"
                  type="webcontent"
                  href="contents/assignments/index.htm">
            <metadata>
                <adlcp:location>contents/assignments/index.htm.xml</adlcp:location>
            </metadata>
            <file href="contents/assignments/index.htm"/>
            <dependency identifierref="webrenderrequirements.1-124j-foundations-of-software-engineering-fall-2000"/>            
        </resource>
        <resource identifier="r_contents.recitations.testingJApplet.gif"
                  type="other"
                  href="contents/recitations/testingJApplet.gif">
            <metadata>
                <adlcp:location>contents/recitations/testingJApplet.gif.xml</adlcp:location>
            </metadata>
            <file href="contents/recitations/testingJApplet.gif"/>
                        
        </resource>
        <resource identifier="r_contents.lecture-notes.java_basics_contd.index.htm"
                  type="webcontent"
                  href="contents/lecture-notes/java_basics_contd/index.htm">
            <metadata>
                <adlcp:location>contents/lecture-notes/java_basics_contd/index.htm.xml</adlcp:location>
            </metadata>
            <file href="contents/lecture-notes/java_basics_contd/index.htm"/>
            <dependency identifierref="webrenderrequirements.1-124j-foundations-of-software-engineering-fall-2000"/>            
        </resource>
        <resource identifier="r_contents.1-124jf00_th.jpg"
                  type="other"
                  href="contents/1-124jf00_th.jpg">
            <metadata>
                <adlcp:location>contents/1-124jf00_th.jpg.xml</adlcp:location>
            </metadata>
            <file href="contents/1-124jf00_th.jpg"/>
                        
        </resource>
        <resource identifier="r_contents.calendar.index.htm"
                  type="webcontent"
                  href="contents/calendar/index.htm">
            <metadata>
                <adlcp:location>contents/calendar/index.htm.xml</adlcp:location>
            </metadata>
            <file href="contents/calendar/index.htm"/>
            <dependency identifierref="webrenderrequirements.1-124j-foundations-of-software-engineering-fall-2000"/>            
        </resource>
        <resource identifier="r_contents.lecture-notes.makefile_primer.index.htm"
                  type="webcontent"
                  href="contents/lecture-notes/makefile_primer/index.htm">
            <metadata>
                <adlcp:location>contents/lecture-notes/makefile_primer/index.htm.xml</adlcp:location>
            </metadata>
            <file href="contents/lecture-notes/makefile_primer/index.htm"/>
            <dependency identifierref="webrenderrequirements.1-124j-foundations-of-software-engineering-fall-2000"/>            
        </resource>
        <resource identifier="r_contents.1-124jf00-th.jpg"
                  type="other"
                  href="contents/1-124jf00-th.jpg">
            <metadata>
                <adlcp:location>contents/1-124jf00-th.jpg.xml</adlcp:location>
            </metadata>
            <file href="contents/1-124jf00-th.jpg"/>
                        
        </resource>
        <resource identifier="r_contents.recitations.24writer.gif"
                  type="other"
                  href="contents/recitations/24writer.gif">
            <metadata>
                <adlcp:location>contents/recitations/24writer.gif.xml</adlcp:location>
            </metadata>
            <file href="contents/recitations/24writer.gif"/>
                        
        </resource>
        <resource identifier="r_contents.recitations.myJFrame1.gif"
                  type="other"
                  href="contents/recitations/myJFrame1.gif">
            <metadata>
                <adlcp:location>contents/recitations/myJFrame1.gif.xml</adlcp:location>
            </metadata>
            <file href="contents/recitations/myJFrame1.gif"/>
                        
        </resource>
        <resource identifier="r_contents.lecture-notes.shape_example.index.htm"
                  type="webcontent"
                  href="contents/lecture-notes/shape_example/index.htm">
            <metadata>
                <adlcp:location>contents/lecture-notes/shape_example/index.htm.xml</adlcp:location>
            </metadata>
            <file href="contents/lecture-notes/shape_example/index.htm"/>
            <dependency identifierref="webrenderrequirements.1-124j-foundations-of-software-engineering-fall-2000"/>            
        </resource>
        <resource identifier="r_contents.syllabus.index.htm"
                  type="webcontent"
                  href="contents/syllabus/index.htm">
            <metadata>
                <adlcp:location>contents/syllabus/index.htm.xml</adlcp:location>
            </metadata>
            <file href="contents/syllabus/index.htm"/>
            <dependency identifierref="webrenderrequirements.1-124j-foundations-of-software-engineering-fall-2000"/>            
        </resource>
        <resource identifier="r_contents.recitations.recitation_4.index.htm"
                  type="webcontent"
                  href="contents/recitations/recitation_4/index.htm">
            <metadata>
                <adlcp:location>contents/recitations/recitation_4/index.htm.xml</adlcp:location>
            </metadata>
            <file href="contents/recitations/recitation_4/index.htm"/>
            <dependency identifierref="webrenderrequirements.1-124j-foundations-of-software-engineering-fall-2000"/>            
        </resource>
        <resource identifier="r_contents.recitations.recitation_2.index.htm"
                  type="webcontent"
                  href="contents/recitations/recitation_2/index.htm">
            <metadata>
                <adlcp:location>contents/recitations/recitation_2/index.htm.xml</adlcp:location>
            </metadata>
            <file href="contents/recitations/recitation_2/index.htm"/>
            <dependency identifierref="webrenderrequirements.1-124j-foundations-of-software-engineering-fall-2000"/>            
        </resource>
        <resource identifier="r_contents.assignments.ps7.pdf"
                  type="other"
                  href="contents/assignments/ps7.pdf">
            <metadata>
                <adlcp:location>contents/assignments/ps7.pdf.xml</adlcp:location>
            </metadata>
            <file href="contents/assignments/ps7.pdf"/>
                        
        </resource>
        <resource identifier="r_contents.lecture-notes.templates.index.htm"
                  type="webcontent"
                  href="contents/lecture-notes/templates/index.htm">
            <metadata>
                <adlcp:location>contents/lecture-notes/templates/index.htm.xml</adlcp:location>
            </metadata>
            <file href="contents/lecture-notes/templates/index.htm"/>
            <dependency identifierref="webrenderrequirements.1-124j-foundations-of-software-engineering-fall-2000"/>            
        </resource>
        <resource identifier="r_contents.assignments.ps5.pdf"
                  type="other"
                  href="contents/assignments/ps5.pdf">
            <metadata>
                <adlcp:location>contents/assignments/ps5.pdf.xml</adlcp:location>
            </metadata>
            <file href="contents/assignments/ps5.pdf"/>
                        
        </resource>
        <resource identifier="r_contents.recitations.applet1.gif"
                  type="other"
                  href="contents/recitations/applet1.gif">
            <metadata>
                <adlcp:location>contents/recitations/applet1.gif.xml</adlcp:location>
            </metadata>
            <file href="contents/recitations/applet1.gif"/>
                        
        </resource>
        <resource identifier="r_contents.assignments.sol7.pdf"
                  type="other"
                  href="contents/assignments/sol7.pdf">
            <metadata>
                <adlcp:location>contents/assignments/sol7.pdf.xml</adlcp:location>
            </metadata>
            <file href="contents/assignments/sol7.pdf"/>
                        
        </resource>
        <resource identifier="r_contents.lecture-notes.viewbranch.gif"
                  type="other"
                  href="contents/lecture-notes/viewbranch.gif">
            <metadata>
                <adlcp:location>contents/lecture-notes/viewbranch.gif.xml</adlcp:location>
            </metadata>
            <file href="contents/lecture-notes/viewbranch.gif"/>
                        
        </resource>
        <resource identifier="r_contents.assignments.sol2.pdf"
                  type="other"
                  href="contents/assignments/sol2.pdf">
            <metadata>
                <adlcp:location>contents/assignments/sol2.pdf.xml</adlcp:location>
            </metadata>
            <file href="contents/assignments/sol2.pdf"/>
                        
        </resource>
        <resource identifier="r_contents.lecture-notes.transformation.gif"
                  type="other"
                  href="contents/lecture-notes/transformation.gif">
            <metadata>
                <adlcp:location>contents/lecture-notes/transformation.gif.xml</adlcp:location>
            </metadata>
            <file href="contents/lecture-notes/transformation.gif"/>
                        
        </resource>
        <resource identifier="r_contents.assignments.sol4.pdf"
                  type="other"
                  href="contents/assignments/sol4.pdf">
            <metadata>
                <adlcp:location>contents/assignments/sol4.pdf.xml</adlcp:location>
            </metadata>
            <file href="contents/assignments/sol4.pdf"/>
                        
        </resource>
        <resource identifier="r_contents.recitations.window1.gif"
                  type="other"
                  href="contents/recitations/window1.gif">
            <metadata>
                <adlcp:location>contents/recitations/window1.gif.xml</adlcp:location>
            </metadata>
            <file href="contents/recitations/window1.gif"/>
                        
        </resource>
        <resource identifier="r_contents.recitations.button1.gif"
                  type="other"
                  href="contents/recitations/button1.gif">
            <metadata>
                <adlcp:location>contents/recitations/button1.gif.xml</adlcp:location>
            </metadata>
            <file href="contents/recitations/button1.gif"/>
                        
        </resource>
        <resource identifier="r_contents.lecture-notes.overview_of_c-_and_object_oriented_design.index.htm"
                  type="webcontent"
                  href="contents/lecture-notes/overview_of_c-_and_object_oriented_design/index.htm">
            <metadata>
                <adlcp:location>contents/lecture-notes/overview_of_c-_and_object_oriented_design/index.htm.xml</adlcp:location>
            </metadata>
            <file href="contents/lecture-notes/overview_of_c-_and_object_oriented_design/index.htm"/>
            <dependency identifierref="webrenderrequirements.1-124j-foundations-of-software-engineering-fall-2000"/>            
        </resource>
        <resource identifier="r_contents.recitations.rec2a.jpg"
                  type="other"
                  href="contents/recitations/rec2a.jpg">
            <metadata>
                <adlcp:location>contents/recitations/rec2a.jpg.xml</adlcp:location>
            </metadata>
            <file href="contents/recitations/rec2a.jpg"/>
                        
        </resource>
        <resource identifier="r_contents.lecture-notes.geometryarray.gif"
                  type="other"
                  href="contents/lecture-notes/geometryarray.gif">
            <metadata>
                <adlcp:location>contents/lecture-notes/geometryarray.gif.xml</adlcp:location>
            </metadata>
            <file href="contents/lecture-notes/geometryarray.gif"/>
                        
        </resource>
        <resource identifier="r_contents.recitations.layers.jpg"
                  type="other"
                  href="contents/recitations/layers.jpg">
            <metadata>
                <adlcp:location>contents/recitations/layers.jpg.xml</adlcp:location>
            </metadata>
            <file href="contents/recitations/layers.jpg"/>
                        
        </resource>
        <resource identifier="r_contents.recitations.recitation_7.index.htm"
                  type="webcontent"
                  href="contents/recitations/recitation_7/index.htm">
            <metadata>
                <adlcp:location>contents/recitations/recitation_7/index.htm.xml</adlcp:location>
            </metadata>
            <file href="contents/recitations/recitation_7/index.htm"/>
            <dependency identifierref="webrenderrequirements.1-124j-foundations-of-software-engineering-fall-2000"/>            
        </resource>
        <resource identifier="r_contents.lecture-notes.dynamic_management_of_objects.index.htm"
                  type="webcontent"
                  href="contents/lecture-notes/dynamic_management_of_objects/index.htm">
            <metadata>
                <adlcp:location>contents/lecture-notes/dynamic_management_of_objects/index.htm.xml</adlcp:location>
            </metadata>
            <file href="contents/lecture-notes/dynamic_management_of_objects/index.htm"/>
            <dependency identifierref="webrenderrequirements.1-124j-foundations-of-software-engineering-fall-2000"/>            
        </resource>
        <resource identifier="r_contents.recitations.recitation_3.index.htm"
                  type="webcontent"
                  href="contents/recitations/recitation_3/index.htm">
            <metadata>
                <adlcp:location>contents/recitations/recitation_3/index.htm.xml</adlcp:location>
            </metadata>
            <file href="contents/recitations/recitation_3/index.htm"/>
            <dependency identifierref="webrenderrequirements.1-124j-foundations-of-software-engineering-fall-2000"/>            
        </resource>
        <resource identifier="r_contents.lecture-notes.object-_construction_and_destruction.index.htm"
                  type="webcontent"
                  href="contents/lecture-notes/object-_construction_and_destruction/index.htm">
            <metadata>
                <adlcp:location>contents/lecture-notes/object-_construction_and_destruction/index.htm.xml</adlcp:location>
            </metadata>
            <file href="contents/lecture-notes/object-_construction_and_destruction/index.htm"/>
            <dependency identifierref="webrenderrequirements.1-124j-foundations-of-software-engineering-fall-2000"/>            
        </resource>
        <resource identifier="r_contents.assignments.ps2.pdf"
                  type="other"
                  href="contents/assignments/ps2.pdf">
            <metadata>
                <adlcp:location>contents/assignments/ps2.pdf.xml</adlcp:location>
            </metadata>
            <file href="contents/assignments/ps2.pdf"/>
                        
        </resource>
        <resource identifier="r_contents.lecture-notes.scene.gif"
                  type="other"
                  href="contents/lecture-notes/scene.gif">
            <metadata>
                <adlcp:location>contents/lecture-notes/scene.gif.xml</adlcp:location>
            </metadata>
            <file href="contents/lecture-notes/scene.gif"/>
                        
        </resource>
        <resource identifier="r_contents.assignments.sol3.pdf"
                  type="other"
                  href="contents/assignments/sol3.pdf">
            <metadata>
                <adlcp:location>contents/assignments/sol3.pdf.xml</adlcp:location>
            </metadata>
            <file href="contents/assignments/sol3.pdf"/>
                        
        </resource>        
        <resource identifier="r_common.search.AdvancedSearch.htm"
                  type="webcontent"
                  href="common/search/AdvancedSearch.htm">
            <file href="common/search/AdvancedSearch.htm"/>
            <dependency identifierref="webrenderrequirements.1-124j-foundations-of-software-engineering-fall-2000"/>            
        </resource>
        <resource identifier="r_common.jsp.feedback.htm"
                  type="webcontent"
                  href="common/jsp/feedback.htm">
            <file href="common/jsp/feedback.htm"/>
            <dependency identifierref="webrenderrequirements.1-124j-foundations-of-software-engineering-fall-2000"/>            
        </resource>
        <resource identifier="r_common.terms.index.htm"
                  type="webcontent"
                  href="common/terms/index.htm">
            <file href="common/terms/by.png"/>
            <file href="common/terms/nc.png"/>
            <file href="common/terms/sa.png"/>
            <file href="common/terms/deedheadyellow.png"/>
            <file href="common/terms/freedomsheader.png"/>
            <file href="common/terms/limitationsheader.png"/>
            <file href="common/terms/understandingheader.jpg"/>
            <file href="common/terms/deedfootyellow.png"/>
            <dependency identifierref="webrenderrequirements.1-124j-foundations-of-software-engineering-fall-2000"/>            
        </resource>
        <resource identifier="r_common.terms.trademarks.index.htm"
                  type="webcontent"
                  href="common/terms/trademarks/index.htm">
            <file href="common/terms/trademarks/index.htm"/>
            <dependency identifierref="webrenderrequirements.1-124j-foundations-of-software-engineering-fall-2000"/>            
        </resource>
        <resource identifier="webrenderrequirements.1-124j-foundations-of-software-engineering-fall-2000"
                  type="webcontent">
        	<file href="common/styles/base.css"/>
        	<file href="common/styles/courses.css"/>
        	<file href="common/styles/courses_new.css"/>
        	<file href="common/styles/educator.css"/>
        	<file href="common/styles/global.css"/>
        	<file href="common/styles/grid.css"/>
        	<file href="common/styles/highslide.css"/>
        	<file href="common/styles/highslide-ie6.css"/>
        	<file href="common/styles/jquery.bubblepopup.css"/>
        	<file href="common/styles/jquery.jscrollpane.css"/>
        	<file href="common/styles/jquery-ui.css"/>
        	<file href="common/styles/menu.css"/>
        	<file href="common/styles/scholar2.css"/>
        	<file href="common/styles/media_tabs.css"/>
        	<file href="common/styles/three_play.css"/>
        	<file href="common/scripts/bubble-popup-offline.js"/>
        	<file href="common/scripts/jquery.js"/>
        	<file href="common/scripts/ocw-media-utils.js"/>
        	<file href="common/scripts/ocw-media-utils-offline.js"/>
        	<file href="common/scripts/highslide-with-gallery.js"/>
        	<file href="common/scripts/jquery.bubblepopup.min.js"/>
        	<file href="common/scripts/jquery.jscrollpane.min.js"/>
        	<file href="common/scripts/jquery-ui.min.js"/>
        	<file href="common/scripts/jQuizMe-uncompressed.js"/>
        	<file href="common/scripts/ocw-offline.js"/>
        	<file href="common/scripts/expandy.js"/>
        	<file href="common/scripts/chart.js"/>
        	<file href="common/scripts/jquery.anythingslider.js"/>
        	<file href="common/images/ocw_mast.png"/>
        	<file href="common/images/button_subscribe.png"/>
        	<file href="common/images/icon_fb.png"/>
        	<file href="common/images/icon_gp.png"/>
        	<file href="common/images/icon_pin.png"/>
        	<file href="common/images/icon_tw.png"/>
        	<file href="common/images/icon-question-ovt.png"/>
        	<file href="common/images/icon-question-svt.png"/>
        	<file href="common/images/icon-question-avt.png"/>
        	<file href="common/images/icon-question-cl.png"/>
        	<file href="common/images/top-nav_home.png"/>
        	<file href="common/images/button_search.png"/>
        	<file href="common/images/bg_top.png"/>
        	<file href="common/images/bg_social.png"/>
        	<file href="common/images/bg_social2.png"/>
        	<file href="common/images/bg_mega-courses.png"/>
        	<file href="common/images/bg_center2.png"/>
        	<file href="common/images/bg_course-nav_current.png"/>
        	<file href="common/images/button_donate-now.png"/>
        	<file href="common/images/logo_mit.png"/>
        	<file href="common/images/logo_ocwc.gif"/>
        	<file href="common/images/cc_by-nc-sa.png"/>
        	<file href="common/images/logo_dow.png"/>
        	<file href="common/images/logo_lockheed.png"/>
        	<file href="common/images/logo_mathworks.png"/>
        	<file href="common/images/logo_abinitio.png"/>
        	<file href="common/images/logo_sapient.png"/>
        	<file href="common/images/bg_bottom.png"/>
        	<file href="common/images/nav_arrow.png"/>
        	<file href="common/images/news-subscibe_bg.png"/>
        	<file href="common/images/3play_logo.png"/>
        	<file href="common/images/black-arrow.gif"/>
        	<file href="common/images/trans.gif"/>
        	<file href="common/images/arrow-bullet.gif"/>
        	<file href="common/images/apple-touch-icon.png"/>
        	<file href="common/images/highslide/graphics/zoomin.cur"/>
        	<file href="common/images/highslide/graphics/zoomout.cur"/>
        	<file href="common/images/highslide/graphics/controlbar2.gif"/>
        	<file href="common/images/highslide/graphics/controlbar3.gif"/>
        	<file href="common/images/highslide/graphics/controlbar4.gif"/>
        	<file href="common/images/highslide/graphics/controlbar4-hover.gif"/>
        	<file href="common/images/highslide/graphics/controlbar-black-border.gif"/>
        	<file href="common/images/highslide/graphics/controlbar-white.gif"/>
        	<file href="common/images/highslide/graphics/controlbar-white-small.gif"/>
        	<file href="common/images/highslide/graphics/fullexpand.gif"/>
        	<file href="common/images/highslide/graphics/icon.gif"/>
        	<file href="common/images/highslide/graphics/loader.gif"/>
        	<file href="common/images/highslide/graphics/loader.white.gif"/>
        	<file href="common/images/highslide/graphics/resize.gif"/>
        	<file href="common/images/highslide/graphics/close.png"/>
        	<file href="common/images/highslide/graphics/closeX.png"/>
        	<file href="common/images/highslide/graphics/controlbar-text-buttons.png"/>
        	<file href="common/images/highslide/graphics/geckodimmer.png"/>
        	<file href="common/images/highslide/graphics/scrollarrows.png"/>
        	<file href="common/images/highslide/graphics/outlines/beveled.png"/>
        	<file href="common/images/highslide/graphics/outlines/drop-shadow.png"/>
        	<file href="common/images/highslide/graphics/outlines/glossy-dark.png"/>
        	<file href="common/images/highslide/graphics/outlines/outer-glow.png"/>
        	<file href="common/images/highslide/graphics/outlines/rounded-black.png"/>
        	<file href="common/images/highslide/graphics/outlines/rounded-white.png"/>
        	<file href="common/images/highslide/graphics/outlines/Outlines.psd"/>
        	<file href="common/images/button_continue.jpg"/>
        	<file href="common/images/button_donate.jpg"/>
        	<file href="common/images/button_start.jpg"/>
        	<file href="common/images/scholar_bar_chp.png"/>
        	<file href="common/images/scholar_bar.png"/>
        	<file href="common/images/logo_pdf.jpg"/>
        	<file href="common/images/h2_trigger_open_close.gif"/>
        	<file href="common/images/bookmark.gif"/>
        	<file href="common/images/check.png"/>
        	<file href="common/images/lightbulb.png"/>
        	<file href="common/images/audio_file.gif"/>
        	<file href="common/images/audio_only_slate.gif"/>
        	<file href="common/images/video_file.gif"/>
        	<file href="common/images/back-5.png"/>
        	<file href="common/images/btn_next_resource.png"/>
        	<file href="common/images/btn_previous_resource.png"/>
        	<file href="common/images/close.png"/>
        	<file href="common/images/inacessible.gif"/>
        	<file href="common/images/jquerybubblepopup-theme/grey/ie/bottom-left.gif"/>
        	<file href="common/images/jquerybubblepopup-theme/grey/ie/bottom-middle.gif"/>
        	<file href="common/images/jquerybubblepopup-theme/grey/ie/bottom-right.gif"/>
        	<file href="common/images/jquerybubblepopup-theme/grey/ie/middle-left.gif"/>
        	<file href="common/images/jquerybubblepopup-theme/grey/ie/middle-right.gif"/>
        	<file href="common/images/jquerybubblepopup-theme/grey/ie/tail-bottom.gif"/>
        	<file href="common/images/jquerybubblepopup-theme/grey/ie/tail-left.gif"/>
        	<file href="common/images/jquerybubblepopup-theme/grey/ie/tail-right.gif"/>
        	<file href="common/images/jquerybubblepopup-theme/grey/ie/tail-top.gif"/>
        	<file href="common/images/jquerybubblepopup-theme/grey/ie/top-left.gif"/>
        	<file href="common/images/jquerybubblepopup-theme/grey/ie/top-middle.gif"/>
        	<file href="common/images/jquerybubblepopup-theme/grey/ie/top-right.gif"/>
        	<file href="common/images/jquerybubblepopup-theme/grey/bottom-left.png"/>
        	<file href="common/images/jquerybubblepopup-theme/grey/bottom-middle.png"/>
        	<file href="common/images/jquerybubblepopup-theme/grey/bottom-right.png"/>
        	<file href="common/images/jquerybubblepopup-theme/grey/middle-left.png"/>
        	<file href="common/images/jquerybubblepopup-theme/grey/middle-right.png"/>
        	<file href="common/images/jquerybubblepopup-theme/grey/tail-bottom.png"/>
        	<file href="common/images/jquerybubblepopup-theme/grey/tail-left.png"/>
        	<file href="common/images/jquerybubblepopup-theme/grey/tail-right.png"/>
        	<file href="common/images/jquerybubblepopup-theme/grey/tail-top.png"/>
        	<file href="common/images/jquerybubblepopup-theme/grey/top-left.png"/>
        	<file href="common/images/jquerybubblepopup-theme/grey/top-middle.png"/>
        	<file href="common/images/jquerybubblepopup-theme/grey/top-right.png"/>
        	<file href="common/images/educator/classroom_next.png"/>
        	<file href="common/images/educator/classroom_next_dim.png"/>
        	<file href="common/images/educator/classroom_prev.png"/>
        	<file href="common/images/educator/classroom_prev_dim.png"/>
        	<file href="common/images/educator/edu_b-blank.png"/>
        	<file href="common/images/educator/edu_b-blank-key.png"/>
        	<file href="common/images/educator/edu_b-duedate.png"/>
        	<file href="common/images/educator/edu_b-duedate-key.png"/>
        	<file href="common/images/educator/edu_b-exam.png"/>
        	<file href="common/images/educator/edu_b-exam-key.png"/>
        	<file href="common/images/educator/edu_b-lab.png"/>
        	<file href="common/images/educator/edu_b-lab-key.png"/>
        	<file href="common/images/educator/edu_b-lab-team.png"/>
        	<file href="common/images/educator/edu_b-lab-duedate.png"/>
        	<file href="common/images/educator/edu_b-leclab.png"/>
        	<file href="common/images/educator/edu_b-leclab-key.png"/>
        	<file href="common/images/educator/edu_b-lecture.png"/>
        	<file href="common/images/educator/edu_b-lecture-duedate.png"/>
        	<file href="common/images/educator/edu_b-lecture-exam.png"/>
        	<file href="common/images/educator/edu_b-lecture-key.png"/>
        	<file href="common/images/educator/edu_b-lecture-lunch.png"/>
        	<file href="common/images/educator/edu_b-lecture-preslab.png"/>
        	<file href="common/images/educator/edu_b-lecture-quiz.png"/>
        	<file href="common/images/educator/edu_b-lecture-team.png"/>
        	<file href="common/images/educator/edu_b-lecrec-key.png"/>
        	<file href="common/images/educator/edu_b-leclab-duedate.png"/>
        	<file href="common/images/educator/edu_b-lecrec.png"/>
        	<file href="common/images/educator/edu_b-lecrec-duedate.png"/>
        	<file href="common/images/educator/edu_b-noclass-quiz.png"/>
        	<file href="common/images/educator/edu_b-lunch.png"/>
        	<file href="common/images/educator/edu_b-lunch-key.png"/>
        	<file href="common/images/educator/edu_b-noclass.png"/>
        	<file href="common/images/educator/edu_b-noclass-duedate.png"/>
        	<file href="common/images/educator/edu_b-noclass-exam.png"/>
        	<file href="common/images/educator/edu_b-noclass-key.png"/>
        	<file href="common/images/educator/edu_b-office.png"/>
        	<file href="common/images/educator/edu_b-office-key.png"/>
        	<file href="common/images/educator/edu_b-present.png"/>
        	<file href="common/images/educator/edu_b-present-duedate.png"/>
        	<file href="common/images/educator/edu_b-present-key.png"/>
        	<file href="common/images/educator/edu_b-preslab.png"/>
        	<file href="common/images/educator/edu_b-preslab-key.png"/>
        	<file href="common/images/educator/edu_b-quiz-key.png"/>
        	<file href="common/images/educator/edu_b-reclab-key.png"/>
        	<file href="common/images/educator/edu_b-reclab-concert.png"/>
        	<file href="common/images/educator/edu_b-reclab.png"/>
        	<file href="common/images/educator/edu_b-noclass-concert.png"/>
        	<file href="common/images/educator/edu_b-leclab-concert.png"/>
        	<file href="common/images/educator/edu_b-concert-key.png"/>
        	<file href="common/images/educator/edu_b-concert.png"/>
        	<file href="common/images/educator/edu_b-recitation.png"/>
        	<file href="common/images/educator/edu_b-recitation-duedate.png"/>
        	<file href="common/images/educator/edu_b-recitation-exam.png"/>
        	<file href="common/images/educator/edu_b-recitation-key.png"/>
        	<file href="common/images/educator/edu_b-team.png"/>
        	<file href="common/images/educator/edu_b-team-key.png"/>
        	<file href="common/images/educator/edu_b-team-preslab.png"/>
        	<file href="common/images/educator/edu_b-work.png"/>
        	<file href="common/images/educator/edu_b-work-key.png"/>
        	<file href="common/images/educator/icon-question-cih.png"/>
        	<file href="common/images/educator/icon-question-cihw.png"/>
        	<file href="common/images/educator/icon-question-cim.png"/>
        	<file href="common/images/educator/icon-question-collab.png"/>
        	<file href="common/images/educator/icon-question-coop.png"/>
        	<file href="common/images/educator/icon-question-fas.png"/>
        	<file href="common/images/educator/icon-question-gir.png"/>
        	<file href="common/images/educator/icon-question-hass.png"/>
        	<file href="common/images/educator/icon-question-hass-s.png"/>
        	<file href="common/images/educator/icon-question-iap.png"/>
        	<file href="common/images/educator/icon-question-lab.png"/>
        	<file href="common/images/educator/icon-question-urop.png"/>
        	<file href="common/images/educator/icon-question-active.png"/>
        	<file href="common/images/educator/icon-question-clickq.png"/>
        	<file href="common/images/educator/icon-question-conq.png"/>
        	<file href="common/images/educator/icon-question-flip.png"/>
        	<file href="common/images/educator/icon-question-form.png"/>
        	<file href="common/images/educator/icon-question-immed.png"/>
        	<file href="common/images/educator/icon-question-learn.png"/>
        	<file href="common/images/educator/icon-question-ped.png"/>
        	<file href="common/images/educator/icon-question-readq.png"/>
        	<file href="common/images/educator/icon-question-service.png"/>
        	<file href="common/images/educator/icon-question-sum.png"/>
        	<file href="common/webfonts/TitilliumText22L002-webfont.woff"/>
        	<file href="common/webfonts/TitilliumText22L002-webfont.ttf"/>
        	<file href="common/webfonts/TitilliumText22L002-webfont.svg"/>
        	<file href="common/webfonts/TitilliumText22L002-webfont.eot"/>
        	<file href="common/webfonts/TitilliumText22L003-webfont.woff"/>
        	<file href="common/webfonts/TitilliumText22L003-webfont.ttf"/>
        	<file href="common/webfonts/TitilliumText22L003-webfont.eot"/>
        	<file href="common/webfonts/TitilliumText22L003-webfont.svg"/>
        	<file href="common/webfonts/TitilliumText22L005-webfont.woff"/>
        	<file href="common/webfonts/TitilliumText22L005-webfont.ttf"/>
        	<file href="common/webfonts/TitilliumText22L005-webfont.svg"/>
        	<file href="common/webfonts/TitilliumText22L005-webfont.eot"/>
        </resource>        
  </resources>
</manifest>
